id_exp,L_trend,N_acoes,Fator_Max_SMA,Ativar_Preco_Teto,Custo_bps,Slippage_bps,Custo_Total_bps,Retorno_Acumulado_Pct,Retorno_Acumulado_CDI_Pct,Retorno_Anualizado_Pct,Retorno_Anualizado_CDI_Pct,ALPHA_Anualizado_Pct,Volatilidade_Anualizada_Pct,Sharpe_Ratio,Sharpe,Max_Drawdown_Pct,Tempo_Recuperacao_Dias,Alocacao_Media_Caixa_Pct,Turnover_Mensal_Medio_Pct,Patrimonio_Final_R$
EXP_001,100,4,1.20,True,0.0,0.0,0,302.14624569934944,282.0398862542562,10.166590701268996,9.774156536006707,0.3924341652622898,15.319887068701366,0.025615995960181423,0.025615995960181423,-31.46839483956804,1133,33.20256092793667,56.36085157979986,402146.2456993494
EXP_002,100,4,1.20,True,3.2,4.8,8,271.7884269141295,282.0398862542562,9.566611978608996,9.774156536006707,-0.20754455739770972,15.320497169830865,-0.01354685524216581,-0.01354685524216581,-32.71686110698507,1425,33.19022866079238,56.34129342448505,371788.4269141295
EXP_003,100,4,1.20,True,6.0,9.0,15,247.07513040103873,282.0398862542562,9.043521340175275,9.774156536006707,-0.7306351958314306,15.322023819836462,-0.047685293041087894,-0.047685293041087894,-33.78927038199562,1431,33.18308265114097,56.319115474627544,347075.13040103874
EXP_004,100,4,1.20,False,0.0,0.0,0,55.96295135406108,282.0398862542562,3.1405474890319196,9.774156536006707,-6.633609046974787,20.55197373563847,-0.322772359107859,-0.322772359107859,-59.64836050220052,1634,6.872662499180933,79.05396365954057,155962.95135406108
EXP_005,100,4,1.20,False,3.2,4.8,8,39.639411242698166,282.0398862542562,2.3502496233470893,9.774156536006707,-7.423906912659617,20.55582788327944,-0.3611582542339919,-0.3611582542339919,-60.67842393189068,1634,6.8523096100737835,79.0247198675411,139639.41124269817
EXP_006,100,4,1.20,False,6.0,9.0,15,26.747651988459808,282.0398862542562,1.6627905820463473,9.774156536006707,-8.111365953960359,20.557642811766357,-0.3945669271633489,-0.3945669271633489,-61.57161930720597,1634,6.849173283936425,78.97749692530394,126747.65198845981
EXP_007,100,4,Desativado,True,0.0,0.0,0,375.10134527179764,282.0398862542562,11.451850211031921,9.774156536006707,1.6776936750252158,15.74056848349595,0.10658405868786025,0.10658405868786025,-24.60667879071456,537,31.35502378980317,52.65698648139686,475101.3452717976
EXP_008,100,4,Desativado,True,3.2,4.8,8,341.3806840707393,282.0398862542562,10.882439262572152,9.774156536006707,1.108282726565446,15.74374564214464,0.07039511128779097,0.07039511128779097,-24.786460302032605,1023,31.34309688857696,52.639805864891485,441380.68407073925
EXP_009,100,4,Desativado,True,6.0,9.0,15,313.8479334232356,282.0398862542562,10.38665856497374,9.774156536006707,0.6125020289670324,15.747119646493015,0.03889613102059846,0.03889613102059846,-25.967284531673325,1030,31.33713752023222,52.62002600663457,413847.9334232356
EXP_010,100,4,Desativado,False,0.0,0.0,0,60.221068070313954,282.0398862542562,3.334021412369581,9.774156536006707,-6.440135123637125,21.023690015771894,-0.306327534262813,-0.306327534262813,-62.36266287311785,1634,6.604607519281331,75.71262951498842,160221.06807031395
EXP_011,100,4,Desativado,False,3.2,4.8,8,44.113058202257434,282.0398862542562,2.575054410453692,9.774156536006707,-7.199102125553014,21.027401447610735,-0.34236765505663663,-0.34236765505663663,-63.33722598227519,1634,6.58728463995136,75.6819703885524,144113.05820225744
EXP_012,100,4,Desativado,False,6.0,9.0,15,31.341845486757137,282.0398862542562,1.9149452318015792,9.774156536006707,-7.859211304205127,21.030672897624953,-0.3737023224346135,-0.3737023224346135,-64.1862568139597,1634,6.585086362509846,75.63711394183525,131341.84548675714
EXP_013,100,6,1.20,True,0.0,0.0,0,366.1443605663387,282.0398862542562,11.304363193741928,9.774156536006707,1.5302066577352225,12.405070880896004,0.12335331836690783,0.12335331836690783,-27.25562757078816,1119,45.36176280852822,43.626536004258554,466144.36056633876
EXP_014,100,6,1.20,True,3.2,4.8,8,338.82655872936897,282.0398862542562,10.83767662456776,9.774156536006707,1.063520088561054,12.403526034736638,0.08574336729593003,0.08574336729593003,-28.37671130476308,1124,45.348030034019736,43.62448095533392,438826.558729369
EXP_015,100,6,1.20,True,6.0,9.0,15,316.1768409452814,282.0398862542562,10.429765365476173,9.774156536006707,0.6556088294694673,12.402277585339554,0.05286197030813496,0.05286197030813496,-29.33391136636219,1392,45.3396369130571,43.6168941465607,416176.8409452814
EXP_016,100,6,1.20,False,0.0,0.0,0,68.09550941906177,282.0398862542562,3.679531480771403,9.774156536006707,-6.094625055235303,19.34867083534279,-0.31498933994487627,-0.31498933994487627,-57.41377961169366,1622,10.774758828912166,75.51799950364423,168095.50941906177
EXP_017,100,6,1.20,False,3.2,4.8,8,51.15463975633261,282.0398862542562,2.9160756313162395,9.774156536006707,-6.858080904690467,19.35382751092233,-0.3543526933274625,-0.3543526933274625,-58.51971705681043,1622,10.746385040778758,75.50856132362185,151154.63975633262
EXP_018,100,6,1.20,False,6.0,9.0,15,37.72365889591502,282.0398862542562,2.251925531324539,9.774156536006707,-7.522231004682167,19.355649888045424,-0.388632313985391,-0.388632313985391,-59.45482161047879,1622,10.74007707200063,75.47117829155992,137723.65889591502
EXP_019,100,6,Desativado,True,0.0,0.0,0,396.4942597556787,282.0398862542562,11.793900189022576,9.774156536006707,2.0197436530158708,13.020920181594322,0.15511527794102237,0.15511527794102237,-21.923831820793353,880,42.89248838803865,40.36741472810015,496494.2597556787
EXP_020,100,6,Desativado,True,3.2,4.8,8,369.51723304877027,282.0398862542562,11.36020843961627,9.774156536006707,1.5860519036095644,13.020820451237757,0.12180890670824007,0.12180890670824007,-23.11254065712917,895,42.880312591273345,40.36454040461896,469517.2330487702
EXP_021,100,6,Desativado,True,6.0,9.0,15,347.068975306615,282.0398862542562,10.981270280634137,9.774156536006707,1.2071137446274305,13.020773966534636,0.0927067582718121,0.0927067582718121,-24.13463481965178,956,42.87348157545043,40.35900471277481,447068.975306615
EXP_022,100,6,Desativado,False,0.0,0.0,0,92.71119955691738,282.0398862542562,4.670030386560131,9.774156536006707,-5.104126149446575,19.721980157119084,-0.2588039389951484,-0.2588039389951484,-59.011278200005776,1622,10.023497610124261,69.43277907013335,192711.1995569174
EXP_023,100,6,Desativado,False,3.2,4.8,8,74.8443224189398,282.0398862542562,3.96386986741295,9.774156536006707,-5.810286668593756,19.727086979143856,-0.2945334338889765,-0.2945334338889765,-60.00428244875656,1622,9.99701714144526,69.42346978800616,174844.3224189398
EXP_024,100,6,Desativado,False,6.0,9.0,15,60.520661941120224,282.0398862542562,3.347453119959609,9.774156536006707,-6.426703416047097,19.72933064177779,-0.32574361151605663,-0.32574361151605663,-60.858089449099595,1622,9.991883487569698,69.38707599871559,160520.66194112023
EXP_025,100,8,1.20,True,0.0,0.0,0,364.6696779865004,282.0398862542562,11.279828400735248,9.774156536006707,1.5056718647285416,10.337474812886056,0.14565180491193694,0.14565180491193694,-22.54658149432514,892,54.49421974651504,34.873463297592906,464669.67798650044
EXP_026,100,8,1.20,True,3.2,4.8,8,342.66677379510327,282.0398862542562,10.90488763272952,9.774156536006707,1.1307310967228146,10.336098444298864,0.10939631649372475,0.10939631649372475,-23.516482357576905,952,54.48194627846992,34.8732937960477,442666.7737951033
EXP_027,100,8,1.20,True,6.0,9.0,15,324.27496079325334,282.0398862542562,10.577929897411021,9.774156536006707,0.8037733614043141,10.335063493896971,0.0777714971832496,0.0777714971832496,-24.34590306585674,956,54.47412663933439,34.86833126905252,424274.9607932534
EXP_028,100,8,1.20,False,0.0,0.0,0,83.457930397402,282.0398862542562,4.312295832095825,9.774156536006707,-5.461860703910881,18.198531062973338,-0.3001264599329977,-0.3001264599329977,-56.9478668710254,1637,14.413383548871991,68.85842186679342,183457.930397402
EXP_029,100,8,1.20,False,3.2,4.8,8,66.62862736934127,282.0398862542562,3.6163261586206197,9.774156536006707,-6.1578303773860865,18.200653416797447,-0.33833018169023554,-0.33833018169023554,-57.91011255028163,1637,14.382106684951943,68.86051511651267,166628.62736934127
EXP_030,100,8,1.20,False,6.0,9.0,15,53.246351592277286,282.0398862542562,3.014530134687221,9.774156536006707,-6.759626401319485,18.200680375689096,-0.37139416009680676,-0.37139416009680676,-58.718046801976534,1637,14.37322958548401,68.83303293478046,153246.3515922773
EXP_031,100,8,Desativado,True,0.0,0.0,0,377.4560200938102,282.0398862542562,11.490193093020995,9.774156536006707,1.7160365570142888,11.151638757991613,0.15388200732242366,0.15388200732242366,-20.91332068668391,831,51.32544617223319,32.771601011689,477456.02009381016
EXP_032,100,8,Desativado,True,3.2,4.8,8,356.14927555097387,282.0398862542562,11.136636906067721,9.774156536006707,1.3624803700610144,11.151694434205787,0.12217698199135142,0.12217698199135142,-21.921313341630157,890,51.31427867712252,32.77027065610857,456149.27555097383
EXP_033,100,8,Desativado,True,6.0,9.0,15,338.2889261458468,282.0398862542562,10.828223402921711,9.774156536006707,1.0540668669150044,11.15162158246322,0.09452139844599869,0.09452139844599869,-22.787003661075588,892,51.3080899469049,32.76528987914919,438288.9261458468
EXP_034,100,8,Desativado,False,0.0,0.0,0,105.44283672738297,282.0398862542562,5.136961220565084,9.774156536006707,-4.637195315441622,18.54406357005793,-0.25006360110461684,-0.25006360110461684,-55.66994925710448,1622,13.631121103711376,63.113723480729206,205442.83672738296
EXP_035,100,8,Desativado,False,3.2,4.8,8,88.06512087742337,282.0398862542562,4.4924585964789765,9.774156536006707,-5.28169793952773,18.548760018780204,-0.28474668571808187,-0.28474668571808187,-56.61079770246273,1622,13.602392469466718,63.11852697002703,188065.12087742338
EXP_036,100,8,Desativado,False,6.0,9.0,15,74.02359890626664,282.0398862542562,3.9298423641447755,9.774156536006707,-5.844314171861931,18.55192831740674,-0.31502462018346516,-0.31502462018346516,-57.414053336749596,1622,13.593330554798774,63.093677976407164,174023.59890626665
EXP_037,150,4,1.20,True,0.0,0.0,0,522.0805838438935,282.0398862542562,13.56166149590392,9.774156536006707,3.7875049598972144,14.474358188805365,0.2616699760011822,0.2616699760011822,-21.675672948458953,461,35.06658568888398,49.58855883451618,622080.5838438935
EXP_038,150,4,1.20,True,3.2,4.8,8,480.51429565777886,282.0398862542562,13.01657630905817,9.774156536006707,3.2424197730514637,14.472579726579035,0.2240388261324778,0.2240388261324778,-22.00403115016815,462,35.05411484082327,49.57289006203246,580514.2956577789
EXP_039,150,4,1.20,True,6.0,9.0,15,446.30794175355743,282.0398862542562,12.540044538746153,9.774156536006707,2.7658880027394472,14.471718318625332,0.1911236759756238,0.1911236759756238,-22.294801209240262,462,35.04717152560312,49.55491232101506,546307.9417535574
EXP_040,150,4,1.20,False,0.0,0.0,0,135.1996237405186,282.0398862542562,6.131092875817967,9.774156536006707,-3.643063660188739,20.545980491730777,-0.17731271874101978,-0.17731271874101978,-51.46848937793852,1637,5.789646808729842,76.40565753380416,235199.62374051858
EXP_041,150,4,1.20,False,3.2,4.8,8,111.49527044004248,282.0398862542562,5.349562170987521,9.774156536006707,-4.4245943650191855,20.55210115768658,-0.21528671599421198,-0.21528671599421198,-52.70494107409055,1637,5.770651905975302,76.37842050394899,211495.27044004248
EXP_042,150,4,1.20,False,6.0,9.0,15,92.73906211591591,282.0398862542562,4.671083219058092,9.774156536006707,-5.103073316948614,20.55703245553273,-0.24823978499752625,-0.24823978499752625,-53.754439300562865,1637,5.76660941944232,76.33738256215034,192739.0621159159
EXP_043,150,4,Desativado,True,0.0,0.0,0,365.4579448391157,282.0398862542562,11.292952060774786,9.774156536006707,1.5187955247680796,15.430434517775671,0.09842856486111559,0.09842856486111559,-29.831818437585238,479,31.51879507768304,45.79660365751307,465457.9448391157
EXP_044,150,4,Desativado,True,3.2,4.8,8,336.5821096056501,282.0398862542562,10.798140699023673,9.774156536006707,1.0239841630169666,15.43319195005296,0.06634947367536971,0.06634947367536971,-30.15439969242578,516,31.506776438538665,45.783575917556625,436582.1096056501
EXP_045,150,4,Desativado,True,6.0,9.0,15,312.76508172450895,282.0398862542562,10.366538652484426,9.774156536006707,0.5923821164777188,15.435903788741504,0.03837689872813181,0.03837689872813181,-30.43824914762935,517,31.49978888544102,45.767268612509255,412765.0817245089
EXP_046,150,4,Desativado,False,0.0,0.0,0,107.86245280875848,282.0398862542562,5.2226442629580205,9.774156536006707,-4.551512273048686,21.045098223493223,-0.21627422332330606,-0.21627422332330606,-55.233600987430286,1637,5.240298589812119,65.50061680655585,207862.45280875848
EXP_047,150,4,Desativado,False,3.2,4.8,8,89.74340417503358,282.0398862542562,4.557068284762256,9.774156536006707,-5.2170882512444505,21.0518092873057,-0.24782137155262798,-0.24782137155262798,-56.28583458067806,1637,5.223860830283303,65.4789014233538,189743.40417503356
EXP_048,150,4,Desativado,False,6.0,9.0,15,75.25928755271882,282.0398862542562,3.98101794991339,9.774156536006707,-5.793138586093316,21.056521059341872,-0.27512325373061325,-0.27512325373061325,-57.17109629038883,1637,5.219657007355382,65.44694145336584,175259.28755271883
EXP_049,150,6,1.20,True,0.0,0.0,0,500.53955586561045,282.0398862542562,13.283561272192323,9.774156536006707,3.5094047361856173,11.724860642785991,0.299313129861792,0.299313129861792,-15.173531483770866,287,46.50667195021239,40.468213762649064,600539.5558656105
EXP_050,150,6,1.20,True,3.2,4.8,8,467.55574226370993,282.0398862542562,12.839202375960745,9.774156536006707,3.0650458399540392,11.72362368942749,0.2614418477725566,0.2614418477725566,-15.31490925517563,289,46.49443732505139,40.462040655306765,567555.7422637099
EXP_051,150,6,1.20,True,6.0,9.0,15,440.18260332436887,282.0398862542562,12.451791925969369,9.774156536006707,2.6776353899626626,11.722918900767999,0.22841029718180886,0.22841029718180886,-15.43806404050058,289,46.48759022355464,40.45277483515736,540182.6033243688
EXP_052,150,6,1.20,False,0.0,0.0,0,123.79926202452407,282.0398862542562,5.764848781682375,9.774156536006707,-4.009307754324332,19.479597959773876,-0.20582086768955435,-0.20582086768955435,-50.39494989117328,1637,9.538686036789548,71.09168462549474,223799.26202452407
EXP_053,150,6,1.20,False,3.2,4.8,8,102.68324548756533,282.0398862542562,5.038085368008582,9.774156536006707,-4.736071167998124,19.485070997425552,-0.243061529959212,-0.243061529959212,-51.50022986147837,1637,9.509757487892449,71.0836747645774,202683.24548756535
EXP_054,150,6,1.20,False,6.0,9.0,15,85.89146855496365,282.0398862542562,4.407976400169522,9.774156536006707,-5.366180135837184,19.48778360676149,-0.27536123368977333,-0.27536123368977333,-52.43113588242977,1637,9.50415670520404,71.0516894589886,185891.46855496365
EXP_055,150,6,Desativado,True,0.0,0.0,0,430.54767020455597,282.0398862542562,12.311071565404674,9.774156536006707,2.536915029397968,12.883371930678663,0.19691390134883188,0.19691390134883188,-18.130219826397067,459,41.763162630793914,35.501484017187735,530547.670204556
EXP_056,150,6,Desativado,True,3.2,4.8,8,405.0763416328394,282.0398862542562,11.927277161103333,9.774156536006707,2.1531206250966273,12.88338858271658,0.16712378201377062,0.16712378201377062,-18.28944862127902,459,41.752643115788544,35.496203782897204,505076.34163283935
EXP_057,150,6,Desativado,True,6.0,9.0,15,383.5998296256462,282.0398862542562,11.589414863443048,9.774156536006707,1.815258327436342,12.883847290293115,0.14089412009749486,0.14089412009749486,-18.42528246758931,459,41.74712357133697,35.48645088828462,483599.8296256462
EXP_058,150,6,Desativado,False,0.0,0.0,0,119.26252742858753,282.0398862542562,5.614254553279907,9.774156536006707,-4.159901982726799,19.962375833762376,-0.20838711871615778,-0.20838711871615778,-50.12973847095411,1622,8.116587018273808,64.40181689764037,219262.52742858755
EXP_059,150,6,Desativado,False,3.2,4.8,8,100.3628515203082,282.0398862542562,4.9539716664113165,9.774156536006707,-4.82018486959539,19.968976492834965,-0.24138367188347945,-0.24138367188347945,-51.11416930769743,1622,8.089095997533047,64.39682961026831,200362.85152030818
EXP_060,150,6,Desativado,False,6.0,9.0,15,85.21939896483237,282.0398862542562,4.381669353378714,9.774156536006707,-5.392487182627992,19.97170306855666,-0.2700063767279764,-0.2700063767279764,-52.03184458637457,1622,8.083561558588983,64.36890352799654,185219.39896483236
EXP_061,150,8,1.20,True,0.0,0.0,0,445.3785340970324,282.0398862542562,12.52671325814454,9.774156536006707,2.7525567221378333,9.808854698964758,0.2806195836939396,0.2806195836939396,-15.356758592240885,264,55.74382310486046,32.665001530558825,545378.5340970324
EXP_062,150,8,1.20,True,3.2,4.8,8,421.27014225075266,282.0398862542562,12.173305842260707,9.774156536006707,2.3991493062540004,9.806725842168545,0.2446432524847131,0.2446432524847131,-15.393065339942435,264,55.73191096839965,32.66510471855296,521270.14225075266
EXP_063,150,8,1.20,True,6.0,9.0,15,400.9624804306103,282.0398862542562,11.863607609411652,9.774156536006707,2.0894510734049465,9.805094946177261,0.213098504897147,0.213098504897147,-15.499263004272045,265,55.72470982883163,32.66306195022471,500962.4804306103
EXP_064,150,8,1.20,False,0.0,0.0,0,156.15612657943973,282.0398862542562,6.763215274498946,9.774156536006707,-3.01094126150776,18.260223963528123,-0.16489070821484084,-0.16489070821484084,-49.875232718561605,1637,13.154303218691519,68.1856095469329,256156.12657943973
EXP_065,150,8,1.20,False,3.2,4.8,8,132.93799070283748,282.0398862542562,6.059769689388994,9.774156536006707,-3.714386846617712,18.265939290183915,-0.2033504430080865,-0.2033504430080865,-50.94417764310201,1637,13.123898424964517,68.18815686881233,232937.99070283747
EXP_066,150,8,1.20,False,6.0,9.0,15,114.32265062453797,282.0398862542562,5.446944942732901,9.774156536006707,-4.327211593273805,18.269708979196057,-0.23685169797730518,-0.23685169797730518,-51.86062386866015,1637,13.113481317679636,68.1656427637587,214322.65062453796
EXP_067,150,8,Desativado,True,0.0,0.0,0,413.46285293632957,282.0398862542562,12.055592997296593,9.774156536006707,2.2814364612898874,11.067023576849694,0.20614724866605139,0.20614724866605139,-16.93008665588489,456,50.451540031704766,28.762504589469767,513462.85293632955
EXP_068,150,8,Desativado,True,3.2,4.8,8,393.4921528528555,282.0398862542562,11.746736602595043,9.774156536006707,1.9725800665883364,11.065619660104462,0.17826205193914235,0.17826205193914235,-17.022235499217288,456,50.44085660262658,28.76166055339966,493492.15285285556
EXP_069,150,8,Desativado,True,6.0,9.0,15,376.5863586009489,282.0398862542562,11.476052295319207,9.774156536006707,1.7018957593124995,11.064242009671116,0.1538194625375054,0.1538194625375054,-17.096850891043154,456,50.43511851276613,28.75970342841589,476586.35860094894
EXP_070,150,8,Desativado,False,0.0,0.0,0,132.08820207820247,282.0398862542562,6.0328039994854255,9.774156536006707,-3.7413525365212807,18.85368973297021,-0.19844139738751645,-0.19844139738751645,-48.51398566371073,1622,11.117151458325793,56.17626355926785,232088.20207820245
EXP_071,150,8,Desativado,False,3.2,4.8,8,114.5954219028381,282.0398862542562,5.456276618916078,9.774156536006707,-4.317879917090628,18.86170828148327,-0.22892305684366532,-0.22892305684366532,-49.46535417212283,1622,11.088214537893212,56.18095964169342,214595.4219028381
EXP_072,150,8,Desativado,False,6.0,9.0,15,100.3437458639504,282.0398862542562,4.953275336586405,9.774156536006707,-4.820881199420302,18.866429594663,-0.25552694934838377,-0.25552694934838377,-50.28523065943116,1622,11.078098388549751,56.167560595261264,200343.7458639504
EXP_073,200,4,1.20,True,0.0,0.0,0,474.64491102715016,282.0398862542562,12.9366986771271,9.774156536006707,3.1625421411203947,15.127063428119822,0.20906517356445528,0.20906517356445528,-25.162366451117784,431,36.176922478801814,53.95569103376054,574644.9110271501
EXP_074,200,4,1.20,True,3.2,4.8,8,433.03939945801125,282.0398862542562,12.3476903603835,9.774156536006707,2.5735338243767947,15.124146770614066,0.1701605957287536,0.1701605957287536,-25.541186851872684,633,36.16528154861923,53.93341241910488,533039.3994580113
EXP_075,200,4,1.20,True,6.0,9.0,15,399.03380188210684,282.0398862542562,11.833590101135316,9.774156536006707,2.05943356512861,15.12296003340875,0.13617926388610635,0.13617926388610635,-25.872513224198133,643,36.1588746617462,53.90832362781548,499033.80188210687
EXP_076,200,4,1.20,False,0.0,0.0,0,196.86771408945543,282.0398862542562,7.8644873466583665,9.774156536006707,-1.9096691893483397,20.591914210169648,-0.09273878911195244,-0.09273878911195244,-44.22734429695948,1507,5.07378788580267,73.9373878113181,296867.71408945543
EXP_077,200,4,1.20,False,3.2,4.8,8,167.8381352644593,282.0398862542562,7.094987954990839,9.774156536006707,-2.679168581015867,20.595707856612233,-0.1300838310422879,-0.1300838310422879,-45.13415541349096,1511,5.055438097915913,73.91029716196441,267838.1352644593
EXP_078,200,4,1.20,False,6.0,9.0,15,144.91956565381648,282.0398862542562,6.4305334315331475,9.774156536006707,-3.3436231044735587,20.59774328142466,-0.16232958430397015,-0.16232958430397015,-45.900790394451896,1560,5.052900515680538,73.8712731311569,244919.56565381648
EXP_079,200,4,Desativado,True,0.0,0.0,0,325.91022514772686,282.0398862542562,10.607529347153456,9.774156536006707,0.8333728111467487,16.218671674218637,0.05138354286260609,0.05138354286260609,-33.398516956440815,523,30.46937537696496,44.175302847244296,425910.22514772683
EXP_080,200,4,Desativado,True,3.2,4.8,8,300.6056060264255,282.0398862542562,10.137173977304847,9.774156536006707,0.3630174412981413,16.224115850059185,0.02237517561222401,0.02237517561222401,-33.863654562259136,524,30.45929994532245,44.161048407120944,400605.6060264255
EXP_081,200,4,Desativado,True,6.0,9.0,15,279.65705196212787,282.0398862542562,9.726381532728002,9.774156536006707,-0.047775003278704986,16.2290608850931,-0.0029437934589664283,-0.0029437934589664283,-34.260485451543396,524,30.45511764360631,44.14056979520151,379657.05196212785
EXP_082,200,4,Desativado,False,0.0,0.0,0,131.797220881634,282.0398862542562,6.023549399747585,9.774156536006707,-3.750607136259121,20.989819807097117,-0.17868696209535626,-0.17868696209535626,-48.74339942802807,1505,3.962241060457308,59.3287597485309,231797.22088163398
EXP_083,200,4,Desativado,False,3.2,4.8,8,113.47322137675464,282.0398862542562,5.4178144863539,9.774156536006707,-4.356342049652806,20.99875182315873,-0.20745719013871866,-0.20745719013871866,-49.95194047994572,1508,3.947306625099531,59.3085344527107,213473.22137675463
EXP_084,200,4,Desativado,False,6.0,9.0,15,98.69532077098992,282.0398862542562,4.892962529521538,9.774156536006707,-4.881194006485168,21.005641084020528,-0.2323753884473635,-0.2323753884473635,-50.97476390201804,1557,3.9443890669008366,59.27571114960031,198695.32077098993
EXP_085,200,6,1.20,True,0.0,0.0,0,456.357083430602,282.0398862542562,12.682855642804313,9.774156536006707,2.9086991067976076,12.220436434110571,0.23801924935173632,0.23801924935173632,-17.876876535961472,428,48.06096490050063,41.957642221749715,556357.083430602
EXP_086,200,6,1.20,True,3.2,4.8,8,424.7763941835362,282.0398862542562,12.225637758024831,9.774156536006707,2.451481222018126,12.217248243663967,0.20065739625856402,0.20065739625856402,-18.091701929637413,431,48.047580983754486,41.95005072157732,524776.3941835362
EXP_087,200,6,1.20,True,6.0,9.0,15,398.5293082082609,282.0398862542562,11.82572046853123,9.774156536006707,2.051563932524525,12.214906708330718,0.16795575942674476,0.16795575942674476,-18.27964560333548,431,48.03907513835011,41.937760384624106,498529.30820826086
EXP_088,200,6,1.20,False,0.0,0.0,0,159.65361685496356,282.0398862542562,6.86399711053125,9.774156536006707,-2.910159425475456,19.449797870011565,-0.14962414750656355,-0.14962414750656355,-43.25878075811526,1461,8.669025910246496,72.07948191273316,259653.61685496356
EXP_089,200,6,1.20,False,3.2,4.8,8,134.84358776447615,282.0398862542562,6.119907308342509,9.774156536006707,-3.654249227664197,19.454739578983528,-0.18783336640557202,-0.18783336640557202,-44.140786818088046,1495,8.641293138952967,72.06742987964353,234843.58776447616
EXP_090,200,6,1.20,False,6.0,9.0,15,114.93886353665106,282.0398862542562,5.468010289269976,9.774156536006707,-4.306146246736731,19.456944022006418,-0.22131667963202975,-0.22131667963202975,-44.90179259819436,1506,8.63652600078438,72.02694984974923,214938.86353665104
EXP_091,200,6,Desativado,True,0.0,0.0,0,450.03704650624445,282.0398862542562,12.59332291449724,9.774156536006707,2.819166378490534,13.533154046055259,0.20831554631658722,0.20831554631658722,-19.0474028324958,459,40.65253895683654,35.18344556170536,550037.0465062445
EXP_092,200,6,Desativado,True,3.2,4.8,8,423.7586966292456,282.0398862542562,12.21048189249252,9.774156536006707,2.4363253564858134,13.533058110491636,0.1800277022823857,0.1800277022823857,-19.162534397884446,459,40.640995549222495,35.17872084341797,523758.69662924565
EXP_093,200,6,Desativado,True,6.0,9.0,15,401.7095503213015,282.0398862542562,11.875205949479128,9.774156536006707,2.1010494134724222,13.532880948689305,0.15525514644211175,0.15525514644211175,-19.263993581569483,461,40.63565742117825,35.16765364147361,501709.5503213015
EXP_094,200,6,Desativado,False,0.0,0.0,0,108.87135003802784,282.0398862542562,5.2580973049081825,9.774156536006707,-4.516059231098524,19.89903928245101,-0.22694860626167224,-0.22694860626167224,-48.453569088449754,1622,6.76044496771443,59.59092914889285,208871.35003802783
EXP_095,200,6,Desativado,False,3.2,4.8,8,92.27728474846506,282.0398862542562,4.653615900037389,9.774156536006707,-5.120540635969317,19.90724853263737,-0.25721990799352984,-0.25721990799352984,-49.17417640627742,1622,6.731494635808558,59.58968255553194,192277.28474846506
EXP_096,200,6,Desativado,False,6.0,9.0,15,78.93034201428459,282.0398862542562,4.131096947654234,9.774156536006707,-5.643059588352473,19.911485109175402,-0.28340726758508317,-0.28340726758508317,-50.06544731309964,1622,6.728002850242887,59.55518989044777,178930.3420142846
EXP_097,200,8,1.20,True,0.0,0.0,0,439.5532575698204,282.0398862542562,12.442671761100632,9.774156536006707,2.668515225093926,9.985025329716882,0.26725172315307383,0.26725172315307383,-13.474131322049084,421,57.10942147209424,32.79651152742629,539553.2575698204
EXP_098,200,8,1.20,True,3.2,4.8,8,415.58182875894056,282.0398862542562,12.087705210074029,9.774156536006707,2.313548674067323,9.983035559431935,0.23174801494936986,0.23174801494936986,-13.512465333993639,421,57.09910767840918,32.79682997364103,515581.82875894057
EXP_099,200,8,1.20,True,6.0,9.0,15,395.5804600920304,282.0398862542562,11.779572402560024,9.774156536006707,2.0054158665533173,9.982264233136139,0.20089789447732076,0.20089789447732076,-13.552595640813303,421,57.09068074183222,32.79892365465062,495580.46009203047
EXP_100,200,8,1.20,False,0.0,0.0,0,172.81761589982943,282.0398862542562,7.232330492344308,9.774156536006707,-2.5418260436623985,18.317700848070807,-0.13876337782479398,-0.13876337782479398,-44.18878879775406,1507,12.984622068750454,66.19340458305136,272817.6158998294
EXP_101,200,8,1.20,False,3.2,4.8,8,148.67084533804316,282.0398862542562,6.543149169638918,9.774156536006707,-3.2310073663677885,18.321158870735815,-0.1763538752741586,-0.1763538752741586,-44.91281918564465,1510,12.955489292322223,66.18883442052801,248670.84533804315
EXP_102,200,8,1.20,False,6.0,9.0,15,129.4250653288837,282.0398862542562,5.947697626076676,9.774156536006707,-3.8264589099300306,18.321051389250226,-0.20885585814006197,-0.20885585814006197,-45.52341708002912,1528,12.946230353946632,66.15921089800796,229425.0653288837
EXP_103,200,8,Desativado,True,0.0,0.0,0,425.3789139248031,282.0398862542562,12.234597784761148,9.774156536006707,2.4604412487544414,11.519815493326426,0.21358339030514906,0.21358339030514906,-15.924426055342256,456,49.189010805458466,28.302880836487294,525378.9139248031
EXP_104,200,8,Desativado,True,3.2,4.8,8,405.0915826252863,282.0398862542562,11.927512145031137,9.774156536006707,2.153355609024432,11.518650042243808,0.18694513689774045,0.18694513689774045,-15.944296799280503,456,49.179528840060925,28.301029495074754,505091.5826252863
EXP_105,200,8,Desativado,True,6.0,9.0,15,387.93918090526853,282.0398862542562,11.658790584551216,9.774156536006707,1.884634048544509,11.51777380763635,0.16362832610022138,0.16362832610022138,-15.961296609669143,456,49.17368289986007,28.297037824968065,487939.1809052685
EXP_106,200,8,Desativado,False,0.0,0.0,0,143.75981966131687,282.0398862542562,6.395392254908305,9.774156536006707,-3.378764281098401,18.82331124678126,-0.17949893282863083,-0.17949893282863083,-42.967293381455484,1491,9.507601256132897,51.44516542342422,243759.81966131687
EXP_107,200,8,Desativado,False,3.2,4.8,8,126.82674532824132,282.0398862542562,5.863772060592942,9.774156536006707,-3.910384475413764,18.831510338890524,-0.20765113392620996,-0.20765113392620996,-43.92931949802315,1494,9.47818152025403,51.4534213306368,226826.74532824132
EXP_108,200,8,Desativado,False,6.0,9.0,15,113.0718476090597,282.0398862542562,5.404012173927386,9.774156536006707,-4.37014436207932,18.835198588965454,-0.2320200841757812,-0.2320200841757812,-44.72282176375899,1503,9.470192401572188,51.43318488911157,213071.8476090597
EXP_109,250,4,1.20,True,0.0,0.0,0,380.4326268249537,282.0398862542562,11.538412347154958,9.774156536006707,1.764255811148252,14.793481873008114,0.11925899705648589,0.11925899705648589,-26.066464404646073,615,39.55385223075472,48.40722796703102,480432.6268249537
EXP_110,250,4,1.20,True,3.2,4.8,8,349.04442078571725,282.0398862542562,11.015319030839589,9.774156536006707,1.2411624948328814,14.78859630064896,0.08392699818159322,0.08392699818159322,-26.32921405465912,616,39.542781321247276,48.391462631062026,449044.42078571726
EXP_111,250,4,1.20,True,6.0,9.0,15,323.2177727743972,282.0398862542562,10.558737495543614,9.774156536006707,0.7845809595369069,14.78518895264729,0.05306533193790719,0.05306533193790719,-26.556895580760198,619,39.53559069313823,48.372717287374726,423217.77277439716
EXP_112,250,4,1.20,False,0.0,0.0,0,123.95725242834614,282.0398862542562,5.770041836643225,9.774156536006707,-4.004114699363481,19.974089890310744,-0.2004654390439007,-0.2004654390439007,-44.610681103076615,1510,5.780156903939063,73.53970221319912,223957.25242834614
EXP_113,250,4,1.20,False,3.2,4.8,8,102.17226804116102,282.0398862542562,5.0196397735663645,9.774156536006707,-4.754516762440342,19.974486017112767,-0.2380294921414748,-0.2380294921414748,-45.48413967424096,1521,5.761330156443488,73.5132772828996,202172.268041161
EXP_114,250,4,1.20,False,6.0,9.0,15,84.93452043526817,282.0398862542562,4.3704914454922195,9.774156536006707,-5.403665090514487,19.973099859516378,-0.27054714233253374,-0.27054714233253374,-46.21451481069184,1637,5.758464619461093,73.4688995046805,184934.52043526818
EXP_115,250,4,Desativado,True,0.0,0.0,0,301.8261202103239,282.0398862542562,10.160486917708656,9.774156536006707,0.3863303817019492,16.265244384234656,0.023751895303608595,0.023751895303608595,-27.62253078586932,803,30.53540878902211,39.94594828145637,401826.1202103239
EXP_116,250,4,Desativado,True,3.2,4.8,8,280.09301400330605,282.0398862542562,9.735143234471732,9.774156536006707,-0.03901330153497362,16.270718191229303,-0.002397761492544543,-0.002397761492544543,-28.150150686708358,813,30.525107496812108,39.934308039844154,380093.01400330605
EXP_117,250,4,Desativado,True,6.0,9.0,15,261.9240878553229,282.0398862542562,9.361815559256193,9.774156536006707,-0.41234097675051373,16.27524867741055,-0.02533546398727707,-0.02533546398727707,-28.606152057471146,823,30.521244563226933,39.916398719244356,361924.0878553229
EXP_118,250,4,Desativado,False,0.0,0.0,0,145.50771420370486,282.0398862542562,6.44829564911209,9.774156536006707,-3.325860886894616,20.651361209906188,-0.16104802260197956,-0.16104802260197956,-49.65027198102606,1634,3.770454769226728,54.606898060163516,245507.71420370485
EXP_119,250,4,Desativado,False,3.2,4.8,8,127.58312264937493,282.0398862542562,5.888294908068614,9.774156536006707,-3.885861627938092,20.6583306011224,-0.1881014348626489,-0.1881014348626489,-50.39693153900961,1634,3.7566715927328165,54.58569368344707,227583.12264937494
EXP_120,250,4,Desativado,False,6.0,9.0,15,113.00447512565577,282.0398862542562,5.401693019790477,9.774156536006707,-4.3724635162162295,20.663247016290484,-0.21160582907270423,-0.21160582907270423,-51.029367957563146,1634,3.7550711944330746,54.55434211648971,213004.47512565576
EXP_121,250,6,1.20,True,0.0,0.0,0,365.107623201634,282.0398862542562,11.287122197343091,9.774156536006707,1.512965661336385,11.862731640614912,0.12753939878032675,0.12753939878032675,-19.99404961394156,611,50.949808108434034,36.75280738784978,465107.62320163404
EXP_122,250,6,1.20,True,3.2,4.8,8,341.9158487549202,282.0398862542562,10.891787810150166,9.774156536006707,1.1176312741434602,11.860231782810107,0.09423351032340904,0.09423351032340904,-20.20415883143216,613,50.93804533184738,36.74941785345643,441915.84875492024
EXP_123,250,6,1.20,True,6.0,9.0,15,322.5541652118376,282.0398862542562,10.546667430854818,9.774156536006707,0.7725108948481108,11.859068267497138,0.06514094340491976,0.06514094340491976,-20.388492987960724,613,50.93040971178219,36.742337172695024,422554.1652118376
EXP_124,250,6,1.20,False,0.0,0.0,0,101.25603331677162,282.0398862542562,4.986456049419807,9.774156536006707,-4.787700486586899,19.13288595938589,-0.25023409937998553,-0.25023409937998553,-46.593220138122746,1521,9.345846426203135,71.67786711174953,201256.03331677162
EXP_125,250,6,1.20,False,3.2,4.8,8,82.06960928907388,282.0398862542562,4.257180205810518,9.774156536006707,-5.516976330196188,19.134818427159054,-0.2883213316707335,-0.2883213316707335,-47.4202863083236,1637,9.317627925608843,71.66580909274832,182069.60928907388
EXP_126,250,6,1.20,False,6.0,9.0,15,66.82812723686762,282.0398862542562,3.62495259656177,9.774156536006707,-6.149203939444936,19.133581502420046,-0.32138279697751176,-0.32138279697751176,-48.12610187551644,1637,9.312283900448373,71.62142477264275,166828.12723686761
EXP_127,250,6,Desativado,True,0.0,0.0,0,426.2795771266334,282.0398862542562,12.247973669434241,9.774156536006707,2.473817133427536,13.557667332973203,0.18246628071563892,0.18246628071563892,-21.839325974163863,522,40.79442643187543,30.309480750376647,526279.5771266334
EXP_128,250,6,Desativado,True,3.2,4.8,8,404.53292929481177,282.0398862542562,11.918894575971105,9.774156536006707,2.1447380399644,13.559765053658726,0.15816926262934786,0.15816926262934786,-21.933933579328478,537,40.78395336880273,30.30706374613001,504532.9292948118
EXP_129,250,6,Desativado,True,6.0,9.0,15,386.08844868487733,282.0398862542562,11.629272346517272,9.774156536006707,1.8551158105105658,13.56140768340518,0.13679374986865364,0.13679374986865364,-22.01531748839875,537,40.77882416964852,30.301113588909395,486088.4486848773
EXP_130,250,6,Desativado,False,0.0,0.0,0,135.8262538703224,282.0398862542562,6.150741479235311,9.774156536006707,-3.623415056771395,19.93555024725865,-0.1817564607864111,-0.1817564607864111,-49.00180738860798,1622,6.281141004529613,54.7693398538514,235826.25387032243
EXP_131,250,6,Desativado,False,3.2,4.8,8,118.62381879749191,282.0398862542562,5.592820601712112,9.774156536006707,-4.181335934294594,19.94265651927548,-0.2096679512206984,-0.2096679512206984,-49.69517873920922,1622,6.258326333791001,54.76374493022923,218623.8187974919
EXP_132,250,6,Desativado,False,6.0,9.0,15,104.59087278282557,282.0398862542562,5.10656797994804,9.774156536006707,-4.667588556058666,19.946506990833257,-0.23400531021314822,-0.23400531021314822,-50.289502113040264,1622,6.254247228513801,54.737535047955895,204590.87278282558
EXP_133,250,8,1.20,True,0.0,0.0,0,351.1196878062612,282.0398862542562,11.05093852320489,9.774156536006707,1.2767819871981834,9.579135192142267,0.13328781373140275,0.13328781373140275,-14.684770753285708,602,59.76974870909979,29.730178742134562,451119.68780626124
EXP_134,250,8,1.20,True,3.2,4.8,8,332.92438605775664,282.0398862542562,10.733302929055565,9.774156536006707,0.9591463930488597,9.578042118544912,0.10014013105995534,0.10014013105995534,-14.84859437215085,603,59.75849845517615,29.73239695550361,432924.3860577566
EXP_135,250,8,1.20,True,6.0,9.0,15,317.60210822257886,282.0398862542562,10.456035706076117,9.774156536006707,0.6818791700694105,9.577781082389281,0.07119385630176758,0.07119385630176758,-14.996069476178873,605,59.75058994942614,29.733982455051198,417602.1082225788
EXP_136,250,8,1.20,False,0.0,0.0,0,131.35903605393565,282.0398862542562,6.009592602382363,9.774156536006707,-3.764563933624343,18.24802058703775,-0.2062998512999516,-0.2062998512999516,-46.06657186369743,1507,14.115780112031368,65.74506914445162,231359.03605393568
EXP_137,250,8,1.20,False,3.2,4.8,8,110.98064805994667,282.0398862542562,5.331706961717786,9.774156536006707,-4.44244957428892,18.251473736907244,-0.2434022390918282,-0.2434022390918282,-46.80581555399344,1521,14.081688223978315,65.74690116900874,210980.64805994666
EXP_138,250,8,1.20,False,6.0,9.0,15,94.68277197013279,282.0398862542562,4.744182213252146,9.774156536006707,-5.02997432275456,18.250445055260844,-0.2756083102370497,-0.2756083102370497,-47.66243356363859,1562,14.071069337461427,65.72312721090101,194682.7719701328
EXP_139,250,8,Desativado,True,0.0,0.0,0,459.7884918548644,282.0398862542562,12.731071042584396,9.774156536006707,2.9569145065776903,11.458304905700615,0.25805863353370856,0.25805863353370856,-16.00583139590985,517,49.455436343162795,25.66959963395892,559788.4918548644
EXP_140,250,8,Desativado,True,3.2,4.8,8,440.1561387579884,282.0398862542562,12.451408613839575,9.774156536006707,2.67725207783287,11.459066482402163,0.23363614147316109,0.23363614147316109,-16.028676868591887,518,49.44523525823611,25.66574535799586,540156.1387579883
EXP_141,250,8,Desativado,True,6.0,9.0,15,423.506065525337,282.0398862542562,12.20671538733602,9.774156536006707,2.432558851329314,11.459646775586496,0.21227171299132974,0.21227171299132974,-16.04670862189454,519,49.440536220855606,25.659749039510988,523506.065525337
EXP_142,250,8,Desativado,False,0.0,0.0,0,141.55994725191596,282.0398862542562,6.328304935394535,9.774156536006707,-3.445851600612171,19.12616167791509,-0.18016430367160827,-0.18016430367160827,-47.53290909781064,1495,8.62267208781166,50.0808504409317,241559.94725191596
EXP_143,250,8,Desativado,False,3.2,4.8,8,125.27335899465135,282.0398862542562,5.813169531839413,9.774156536006707,-3.9609870041672934,19.130741750082798,-0.20704827109749416,-0.20704827109749416,-48.16011638238866,1505,8.594992618505819,50.08388543478562,225273.35899465135
EXP_144,250,8,Desativado,False,6.0,9.0,15,111.99930520896517,282.0398862542562,5.367010893541013,9.774156536006707,-4.407145642465693,19.132273510546682,-0.23035138192208313,-0.23035138192208313,-48.697422253921715,1545,8.588502627303027,50.063003895558985,211999.30520896518
